Filename,Predictions
daisy/10172567486_2748826a8b.jpg,daisy
daisy/10437929963_bc13eebe0c.jpg,daisy
daisy/10466290366_cc72e33532.jpg,dandelion
daisy/10555826524_423eb8bf71_n.jpg,daisy
daisy/10993818044_4c19b86c82.jpg,daisy
daisy/11642632_1e7627a2cc.jpg,daisy
daisy/12585131704_0f64b17059_m.jpg,daisy
daisy/12891819633_e4c82b51e8.jpg,dandelion
daisy/134372449_0f7166d96c_n.jpg,tulips
daisy/1392131677_116ec04751.jpg,daisy
daisy/14073784469_ffb12f3387_n.jpg,daisy
daisy/14114116486_0bb6649bc1_m.jpg,dandelion
daisy/14332947164_9b13513c71_m.jpg,dandelion
daisy/14569895116_32f0dcb0f9.jpg,daisy
daisy/14600779226_7bbc288d40_m.jpg,daisy
daisy/15306268004_4680ba95e1.jpg,daisy
daisy/15813862117_dedcd1c56f_m.jpg,tulips
daisy/169371301_d9b91a2a42.jpg,daisy
daisy/18203367608_07a04e98a4_n.jpg,dandelion
daisy/18684594849_7dd3634f5e_n.jpg,daisy
daisy/20685027271_0e7306e7c1_n.jpg,daisy
daisy/20773528301_008fcbc5a1_n.jpg,daisy
daisy/21652746_cc379e0eea_m.jpg,daisy
daisy/21805938544_bf6bb0e4bc.jpg,tulips
daisy/2482982436_a2145359e0_n.jpg,roses
daisy/2646438199_b309cffd65_n.jpg,daisy
daisy/294451721_5106537b34.jpg,dandelion
daisy/3336704121_cfeb67a7d7.jpg,daisy
daisy/3356112863_75da8bca2c_m.jpg,daisy
daisy/3445110406_0c1616d2e3_n.jpg,daisy
daisy/3506866918_61dd5fc53b_n.jpg,tulips
daisy/3706420943_66f3214862_n.jpg,daisy
daisy/3711892138_b8c953fdc1_z.jpg,tulips
daisy/3773181799_5def396456.jpg,daisy
daisy/391364010_4b0942d400_m.jpg,daisy
daisy/4318007511_e9f4311936_n.jpg,roses
daisy/4511693548_20f9bd2b9c_m.jpg,daisy
daisy/4669117051_ce61e91b76.jpg,daisy
daisy/4727955343_0bb23ac4ae.jpg,daisy
daisy/4861391074_c3e122dab0_m.jpg,roses
daisy/4897587985_f9293ea1ed.jpg,dandelion
daisy/5054771689_00dd40b971_n.jpg,daisy
daisy/5133243796_44de429de5_m.jpg,daisy
daisy/515112668_a49c69455a.jpg,daisy
daisy/5435521200_92029bbe2b_n.jpg,daisy
daisy/5561775629_a2b709b3a4_n.jpg,daisy
daisy/5700781400_65761f3fce.jpg,dandelion
daisy/6095817094_3a5b1d793d.jpg,daisy
daisy/7288989324_c25d9febbf.jpg,daisy
daisy/7410356270_9dff4d0e2e_n.jpg,daisy
daisy/754296579_30a9ae018c_n.jpg,daisy
daisy/7629784968_b953501902_n.jpg,daisy
daisy/799964360_7e07a227ea_n.jpg,dandelion
daisy/8063844363_db3f4dea85.jpg,daisy
daisy/813445367_187ecf080a_n.jpg,daisy
daisy/835750256_3f91a147ef_n.jpg,tulips
daisy/8616684075_71923bb771_n.jpg,daisy
daisy/8671824531_64b816949e_m.jpg,daisy
daisy/8696022686_1f8d62c5cb_m.jpg,tulips
daisy/8709110478_60d12efcd4_n.jpg,daisy
daisy/8759177308_951790e00d_m.jpg,daisy
daisy/8882282142_9be2524d38_m.jpg,daisy
daisy/9489270024_1b05f08492_m.jpg,daisy
daisy/9922116524_ab4a2533fe_n.jpg,daisy
dandelion/10437652486_aa86c14985.jpg,dandelion
dandelion/10683189_bd6e371b97.jpg,dandelion
dandelion/10777398353_5a20bb218c.jpg,dandelion
dandelion/11124381625_24b17662bd_n.jpg,dandelion
dandelion/11768468623_9399b5111b_n.jpg,sunflowers
dandelion/129019877_8eea2978ca_m.jpg,tulips
dandelion/138132145_782763b84f_m.jpg,dandelion
dandelion/13900486390_5a25785645_n.jpg,dandelion
dandelion/14002252932_64d5cbdac7.jpg,dandelion
dandelion/14048849371_ec9dbafaeb_m.jpg,dandelion
dandelion/14053397367_75cba846eb_n.jpg,dandelion
dandelion/14306875733_61d71c64c0_n.jpg,dandelion
dandelion/14845607659_1be18c5d7f.jpg,dandelion
dandelion/14914603395_b271ffab56_n.jpg,dandelion
dandelion/163702807_e508544acd_n.jpg,dandelion
dandelion/16510864164_3afa8ac37f.jpg,dandelion
dandelion/16713229021_bea2533981_n.jpg,dandelion
dandelion/16817037661_2980d823e1_n.jpg,dandelion
dandelion/17146644679_11aff3045c.jpg,dandelion
dandelion/17280886635_e384d91300_n.jpg,dandelion
dandelion/17344936845_fec4d626b7.jpg,dandelion
dandelion/17903104293_9138439e76.jpg,dandelion
dandelion/18215579866_94b1732f24.jpg,dandelion
dandelion/18232119726_cef27eaaac_n.jpg,dandelion
dandelion/18876985840_7531dc8e6a.jpg,dandelion
dandelion/19067907051_16d530c7d2.jpg,dandelion
dandelion/19526570282_1d1e71b0f3_m.jpg,dandelion
dandelion/19599413676_fc9ee2640e.jpg,dandelion
dandelion/19600096066_67dc941042.jpg,dandelion
dandelion/20754920332_53b995fc63_n.jpg,dandelion
dandelion/2319777940_0cc5476b0d_n.jpg,dandelion
dandelion/2457473644_5242844e52_m.jpg,dandelion
dandelion/2473862606_291ae74885.jpg,dandelion
dandelion/253622055_d72964a7fd_n.jpg,dandelion
dandelion/2540640433_dedd577263.jpg,dandelion
dandelion/2625836599_03e192266f.jpg,dandelion
dandelion/2635422362_a1bf641547_m.jpg,dandelion
dandelion/2670304799_a3f2eef516_m.jpg,dandelion
dandelion/2753166154_0cb51a127b.jpg,dandelion
dandelion/2780702427_312333ef33.jpg,dandelion
dandelion/3476759348_a0d34a4b59_n.jpg,dandelion
dandelion/3487229452_73e3004858.jpg,dandelion
dandelion/3730618647_5725c692c3_m.jpg,dandelion
dandelion/3844111216_742ea491a0.jpg,dandelion
dandelion/4258272381_65bd4b8191_m.jpg,dandelion
dandelion/4265711814_9a006ee5b8.jpg,dandelion
dandelion/4523862714_b41b459c88.jpg,dandelion
dandelion/4558536575_d43a611bd4_n.jpg,dandelion
dandelion/4645161319_c308fc31ef_n.jpg,dandelion
dandelion/4676527148_d701b9202f_n.jpg,dandelion
dandelion/4721773235_429acdf496_n.jpg,dandelion
dandelion/494108764_e00178af6e.jpg,dandelion
dandelion/5033866477_a77cccba49_m.jpg,dandelion
dandelion/5217892384_3edce91761_m.jpg,dandelion
dandelion/5416388641_c66d52d2ff_m.jpg,dandelion
dandelion/5598591979_ed9af1b3e9_n.jpg,dandelion
dandelion/5655177340_78fc36ce59_m.jpg,dandelion
dandelion/5749815755_12f9214649_n.jpg,dandelion
dandelion/5757012454_c37f305b73.jpg,dandelion
dandelion/5762590366_5cf7a32b87_n.jpg,dandelion
dandelion/5772194932_60b833091f.jpg,dandelion
dandelion/5829610661_8439ba4a77_n.jpg,dandelion
dandelion/6012046444_fd80afb63a_n.jpg,dandelion
dandelion/6103898045_e066cdeedf_n.jpg,dandelion
dandelion/61242541_a04395e6bc.jpg,dandelion
dandelion/6250363717_17732e992e_n.jpg,dandelion
dandelion/6994925894_030e157fe0.jpg,dandelion
dandelion/7062171343_db61c92737_n.jpg,dandelion
dandelion/7132482331_01769e36e9_n.jpg,dandelion
dandelion/7132605107_f5e033d725_n.jpg,dandelion
dandelion/7179487220_56e4725195_m.jpg,dandelion
dandelion/7315832212_b0ceeb8de8_n.jpg,dandelion
dandelion/7425858848_d04dab08dd_n.jpg,dandelion
dandelion/7808430998_31ba639031_n.jpg,dandelion
dandelion/7808545612_546cfca610_m.jpg,dandelion
dandelion/8223949_2928d3f6f6_n.jpg,dandelion
dandelion/8497389500_45636fdd14.jpg,dandelion
dandelion/8642679391_0805b147cb_m.jpg,dandelion
dandelion/8689302980_9bd2f7b9fe_n.jpg,dandelion
dandelion/8716513637_2ba0c4e6cd_n.jpg,daisy
dandelion/8720503800_cab5c62a34.jpg,dandelion
dandelion/8733226215_161309f8ec.jpg,dandelion
dandelion/8759118120_9eac064e38_n.jpg,dandelion
dandelion/8780964418_7a01a7f48a_n.jpg,dandelion
dandelion/8956863946_f96be02aae_n.jpg,daisy
dandelion/8963359346_65ca69c59d_n.jpg,dandelion
dandelion/8979062599_86cac547b8.jpg,dandelion
dandelion/9293460423_7fbb1e3c32_n.jpg,dandelion
dandelion/9719816995_8f211abf02_n.jpg,dandelion
dandelion/9818247_e2eac18894.jpg,tulips
roses/10090824183_d02c613f10_m.jpg,roses
roses/11944957684_2cc806276e.jpg,roses
roses/12243068283_ee4c2683e2_n.jpg,roses
roses/13342823005_16d3df58df_n.jpg,roses
roses/14145188939_b4de638bd3_n.jpg,roses
roses/14172324538_2147808483_n.jpg,dandelion
roses/14494590921_3bb1dc7b88_n.jpg,roses
roses/15537825851_a80b6321d7_n.jpg,roses
roses/15738649506_2b4c2fd933_m.jpg,roses
roses/15750320284_22ef21c682.jpg,sunflowers
roses/15859434664_67bf3ef29f.jpg,daisy
roses/15951588433_c0713cbfc6_m.jpg,roses
roses/15965652160_de91389965_m.jpg,tulips
roses/16051111039_0f0626a241_n.jpg,tulips
roses/16449467833_d82aac5749_m.jpg,roses
roses/1667199972_7ba7d999c1_m.jpg,sunflowers
roses/17077876795_6dd1b03f54_m.jpg,roses
roses/1775233884_12ff5a124f.jpg,roses
roses/19919867648_043cf02fc3.jpg,tulips
roses/2197754124_5c8a146761_n.jpg,tulips
roses/22325299158_6e32e599f8_m.jpg,roses
roses/2265579414_2e00a8f265_n.jpg,roses
roses/2331651885_619653a5d3.jpg,roses
roses/2347579838_dd6d2aaefc_n.jpg,roses
roses/2471103806_87ba53d997_n.jpg,tulips
roses/269037241_07fceff56a_m.jpg,roses
roses/2756028421_b3d5eea526_n.jpg,roses
roses/2777518561_105abc8cfc_n.jpg,sunflowers
roses/3074406590_91c697c805_n.jpg,dandelion
roses/3253243865_435c1f2c2b_m.jpg,roses
roses/3422228549_f147d6e642.jpg,tulips
roses/3450344423_63ba3190e3.jpg,roses
roses/3560426426_1c66cb8330.jpg,roses
roses/3576488381_611f3446e0_n.jpg,roses
roses/3753920123_c7ebc18ee3.jpg,roses
roses/3871586333_5a708d5cf4_n.jpg,roses
roses/3971662839_5cb2963b20_n.jpg,tulips
roses/410425647_4586667858.jpg,roses
roses/4267024012_295e7141a3_n.jpg,roses
roses/4414135084_1ac7e6cd54.jpg,tulips
roses/4504220673_af754fcb40_n.jpg,roses
roses/4553266758_09d4dbdac9_n.jpg,roses
roses/4675532860_890504a4a3_m.jpg,tulips
roses/4702438868_278b9cf41c_n.jpg,tulips
roses/488849503_63a290a8c2_m.jpg,sunflowers
roses/4918137796_21f0922b0c_n.jpg,roses
roses/5148639829_781eb7d346.jpg,dandelion
roses/5223191368_01aedb6547_n.jpg,sunflowers
roses/5292988046_a10f4b0365_n.jpg,roses
roses/5799616059_0ffda02e54.jpg,roses
roses/5840476802_dfa40deb1f_m.jpg,daisy
roses/6231418894_7946a7712b_n.jpg,roses
roses/6255593451_b8a3aa8f7a_m.jpg,roses
roses/6347847065_83cf87333b_n.jpg,roses
roses/6363951285_a802238d4e.jpg,roses
roses/6653567281_768a1fd160.jpg,roses
roses/6676529655_9672b6f955_m.jpg,roses
roses/6690926183_afedba9f15_n.jpg,roses
roses/6783408274_974796e92f.jpg,roses
roses/7551637034_55ae047756_n.jpg,roses
roses/7820626638_3e2d712303.jpg,roses
roses/8644003462_2272de26eb.jpg,roses
roses/8742493689_fb852f0228_n.jpg,roses
roses/9433167170_fa056d3175.jpg,roses
roses/99383371_37a5ac12a3_n.jpg,dandelion
sunflowers/1043442695_4556c4c13d_n.jpg,sunflowers
sunflowers/1064662314_c5a7891b9f_m.jpg,sunflowers
sunflowers/127192624_afa3d9cb84.jpg,sunflowers
sunflowers/1297092593_e573c0a3d6.jpg,sunflowers
sunflowers/13959937305_2f5c532886_n.jpg,sunflowers
sunflowers/14144522269_bc20029375_m.jpg,sunflowers
sunflowers/14741907467_fab96f3b2b_n.jpg,sunflowers
sunflowers/147804446_ef9244c8ce_m.jpg,sunflowers
sunflowers/1484598527_579a272f53.jpg,dandelion
sunflowers/14858674096_ed0fc1a130.jpg,sunflowers
sunflowers/14889779907_3d401bbac7_m.jpg,sunflowers
sunflowers/15054751430_5af76f6096_n.jpg,sunflowers
sunflowers/15054865217_e398d0dc9f_n.jpg,sunflowers
sunflowers/15054865768_2cc87ac9d4_m.jpg,sunflowers
sunflowers/15241052342_466b38b68d.jpg,dandelion
sunflowers/15493195788_60530f2398_m.jpg,dandelion
sunflowers/15495578821_92c6d14252_n.jpg,sunflowers
sunflowers/18237215308_a158d49f28_n.jpg,daisy
sunflowers/184682652_c927a49226_m.jpg,sunflowers
sunflowers/19359539074_d7e32e6616_n.jpg,sunflowers
sunflowers/19595718862_c68896370c_m.jpg,sunflowers
sunflowers/200557977_bf24d9550b.jpg,sunflowers
sunflowers/200557981_f800fa1af9.jpg,sunflowers
sunflowers/20148493928_9f75a99783.jpg,sunflowers
sunflowers/20156280765_a6baea3176.jpg,sunflowers
sunflowers/2067882323_8de6623ffd.jpg,sunflowers
sunflowers/20777358950_c63ea569a1.jpg,sunflowers
sunflowers/2598973480_07de93e91d_n.jpg,sunflowers
sunflowers/26254755_1bfc494ef1_n.jpg,dandelion
sunflowers/265422922_bbbde781d2_m.jpg,tulips
sunflowers/2721638730_34a9b7a78b.jpg,sunflowers
sunflowers/27466794_57e4fe5656.jpg,sunflowers
sunflowers/2823659190_afdabee45c.jpg,sunflowers
sunflowers/3154932076_eff5c38231_n.jpg,sunflowers
sunflowers/3154932290_4bf43bd34f_n.jpg,sunflowers
sunflowers/3840761441_7c648abf4d_n.jpg,sunflowers
sunflowers/3894586562_5dbbdc4354_n.jpg,sunflowers
sunflowers/3912497870_a2f91c3a65_n.jpg,sunflowers
sunflowers/4110787181_f73f12d107_m.jpg,sunflowers
sunflowers/45045005_57354ee844.jpg,sunflowers
sunflowers/4689061249_6498da5013.jpg,sunflowers
sunflowers/4745980581_a0b7585258_n.jpg,sunflowers
sunflowers/4816636411_0135bfe2c9_n.jpg,sunflowers
sunflowers/4869189730_f47c124cda_n.jpg,sunflowers
sunflowers/4871455214_8b5fb87ab6_n.jpg,sunflowers
sunflowers/4893660821_eb7f02bef3_n.jpg,sunflowers
sunflowers/4895720722_8247f2015b_n.jpg,sunflowers
sunflowers/4927658421_7eed83bc95_m.jpg,sunflowers
sunflowers/4933230991_d50c0f7c66.jpg,sunflowers
sunflowers/5020805135_1219d7523d.jpg,sunflowers
sunflowers/5042785753_392cc4e74d_n.jpg,sunflowers
sunflowers/5076821914_c21b58fd4c_m.jpg,sunflowers
sunflowers/5952223760_85972671d6_n.jpg,sunflowers
sunflowers/5970301989_fe3a68aac8_m.jpg,sunflowers
sunflowers/6140808687_88df0fd733.jpg,sunflowers
sunflowers/6166888942_7058198713_m.jpg,sunflowers
sunflowers/6198569587_23c3693328_m.jpg,sunflowers
sunflowers/6495559397_61d01c0c57.jpg,sunflowers
sunflowers/7804213238_1d92ae5edb_m.jpg,sunflowers
sunflowers/8014735546_3db46bb1fe_n.jpg,sunflowers
sunflowers/8021568040_f891223c44_n.jpg,tulips
sunflowers/8174935013_b16626b49b.jpg,sunflowers
sunflowers/8563099326_8be9177101.jpg,sunflowers
sunflowers/9111896677_ff0b6fa6f6_n.jpg,dandelion
sunflowers/9427945592_07a2676945_n.jpg,sunflowers
sunflowers/9445830851_e9a126fd1d_n.jpg,dandelion
sunflowers/9448615838_04078d09bf_n.jpg,sunflowers
sunflowers/9484354480_07ff2ef0a6.jpg,dandelion
sunflowers/9610373748_b9cb67bd55.jpg,sunflowers
sunflowers/9783416751_b2a03920f7_n.jpg,tulips
tulips/10128546863_8de70c610d.jpg,tulips
tulips/110147301_ad921e2828.jpg,roses
tulips/116343334_9cb4acdc57_n.jpg,tulips
tulips/11746276_de3dec8201.jpg,tulips
tulips/11746548_26b3256922_n.jpg,tulips
tulips/122450705_9885fff3c4_n.jpg,tulips
tulips/12517756805_56b74be742.jpg,tulips
tulips/12557176134_ecbf15885b.jpg,tulips
tulips/12934201824_1c8b5171fb_m.jpg,dandelion
tulips/130685040_3c2fcec63e_n.jpg,tulips
tulips/132538273_335240fe5b_n.jpg,tulips
tulips/13472387874_d844478dbb.jpg,tulips
tulips/13472393854_b2530f7029_n.jpg,tulips
tulips/1353748522_b9c630b162.jpg,tulips
tulips/135994133_4f306fe4bf_n.jpg,tulips
tulips/13910028149_6c9d5485ef.jpg,tulips
tulips/13910126337_53faf1d214_n.jpg,roses
tulips/13923036338_1ce32c6d4f.jpg,tulips
tulips/14027372499_30f934d24f_m.jpg,tulips
tulips/14046760909_0c73e84a1f_n.jpg,tulips
tulips/14061132852_89122de5f9_n.jpg,tulips
tulips/14066056226_d8564a083e_m.jpg,tulips
tulips/14097111174_87a2e7e0c7_n.jpg,tulips
tulips/14097676864_4ca8e8b20d_n.jpg,tulips
tulips/142235237_da662d925c.jpg,tulips
tulips/14674071872_2df55466d5_m.jpg,tulips
tulips/15275144259_f9a18ec9cb.jpg,tulips
tulips/15275504998_ca9eb82998.jpg,sunflowers
tulips/15922772266_1167a06620.jpg,roses
tulips/16062072523_1be3c0b61f.jpg,tulips
tulips/16098264209_38fe491093.jpg,tulips
tulips/16506668270_b823935dc3.jpg,tulips
tulips/16732302779_8aa56f255d_n.jpg,tulips
tulips/17078716890_68e0723389_n.jpg,tulips
tulips/17189526216_fa24dd541a_n.jpg,tulips
tulips/17781940352_a45e4289a5.jpg,tulips
tulips/2229804138_db9cba3443_n.jpg,tulips
tulips/2412250315_a04171da51_n.jpg,tulips
tulips/2426849837_baefd9a518_n.jpg,tulips
tulips/2436998042_4906ea07af.jpg,tulips
tulips/2470177960_7bd67db186_n.jpg,roses
tulips/2813658587_337eeef124_n.jpg,roses
tulips/303858799_942b9c09e7_m.jpg,tulips
tulips/3213012716_b4c0f7db88.jpg,tulips
tulips/3254533919_cb0b8af26c.jpg,tulips
tulips/3447650747_8299786b80_n.jpg,roses
tulips/3502615974_ef4bd13202_n.jpg,tulips
tulips/3510294699_bc4c72cb7d_n.jpg,tulips
tulips/3511776685_3635087b12_n.jpg,roses
tulips/3524204544_7233737b4f_m.jpg,tulips
tulips/3990989735_59e2751151_n.jpg,tulips
tulips/4042180234_64cd2859c9_m.jpg,tulips
tulips/4312181724_16dab26afb_n.jpg,tulips
tulips/4520577328_a94c11e806_n.jpg,tulips
tulips/4558912791_084e440365_m.jpg,tulips
tulips/4565139594_b28d260cb9.jpg,tulips
tulips/466409031_4c10294db5_m.jpg,tulips
tulips/483880052_19fdb26a9f.jpg,tulips
tulips/5529939805_1679b014e1_n.jpg,tulips
tulips/5546723510_39a5a10d3a_n.jpg,tulips
tulips/5628970369_54eb9ed31c_n.jpg,dandelion
tulips/5674127693_1ddbd81097.jpg,tulips
tulips/5674134129_2db5136cba.jpg,tulips
tulips/5719416820_3060e3c1f0.jpg,tulips
tulips/6187740107_9813ccc41e.jpg,tulips
tulips/6936168062_a31c28b77c_m.jpg,tulips
tulips/6948277038_89d7ff42e2_m.jpg,roses
tulips/6958342976_a4a9483488_n.jpg,tulips
tulips/7002703410_3e97b29da5_n.jpg,tulips
tulips/7068715863_a534ac7884_n.jpg,dandelion
tulips/7166554924_432aaae4b2_n.jpg,dandelion
tulips/7166564830_8b34a3fd35_n.jpg,tulips
tulips/7166618384_850905fc63_n.jpg,tulips
tulips/8454707381_453b4862eb_m.jpg,roses
tulips/8668973377_c69527db42_m.jpg,tulips
tulips/8673412732_f8fd690ee4_n.jpg,tulips
tulips/8712260079_c0ff42e0e2_n.jpg,tulips
tulips/8748266132_5298a91dcf_n.jpg,tulips
tulips/8762189906_8223cef62f.jpg,roses
tulips/9444202147_405290415b_n.jpg,tulips
